user_id,file_name,timestamp
23,GQH5EXH5V.I,1528360162
117,9ZM6X.J,1528375322
101,9CONRZ4ZG.IGP,1528330169
42,MLTQZ.4Q,1528328035
90,J8S5I4OD5Q.5Z,1528356800
95,I020.XGS,1528326601
62,ZW2XK0W.YA,1528358860
84,MBKRXNAIG.0,1528389431
96,GVZL6C5.HVE,1528346813
99,25HZ.S9T,1528363518
32,Z44MIW222.G4,1528311458
102,F.LFG,1528348209
34,6246GY0.TM,1528395792
78,2F.QK,1528325685
22,AO1JPOL6G.A5H,1528364531
52,J5Z2.58K,1528336919
86,R.MO,1528315960
52,G1T4MDSD3W.FSJ,1528382629
93,P7G0.GE,1528390730
119,LG7F9VFWHH.3,1528381418
25,7R0KR5.QL,1528395869
60,3SQF.V5U,1528344525
12,96LDTGGFS.P,1528329247
94,T.G7,1528329368
118,5V9XU.FQ,1528325112
50,6DI.8XT,1528393813
87,87PU.CE,1528349110
108,V1L5E.XO,1528377807
79,K1.3H6,1528350071
92,QU8I4OXB6F.EHM,1528328669
97,K.4C,1528387485
95,AWYEES.XM,1528374146
87,T85C.KO,1528356853
68,LB.IR,1528336214
60,OV.BX5,1528332817
114,BZEPY1.99G,1528338161
92,JMDGQTTZB.Y4P,1528324548
105,THVRJEP.V,1528311668
69,9FJZS87C6.30Q,1528372939
67,JXWQ1JB.P,1528342932
88,L.R5L,1528373908
93,C01WR.T,1528326069
6,0AB41UV8.T5,1528349002
118,X91SDORLXA.DZ,1528348463
29,CLDYT.LK,1528386854
62,2X80UD.IPS,1528388843
23,LL9NGIM.BW,1528346158
12,9.QS,1528380659
22,KWE088RXGS.RYO,1528330164
36,72.N,1528311679
